{
  "Results2023":[
    {
      "imageSrc":
        "https://cclvietnamese-results-2023.s3.ap-southeast-2.amazonaws.com/04.2023/87T.jpg",
      "studentName": "Th Nguyen",
      "occupation": "Accountant and External Auditor",
      "result": "87/90",
      "resultGroup": "80+",
      "resultComment": "(Số điểm kỷ lục)",
      "url": "#",
      "galleryImgs": [
        "https://cclvietnamese-results-2023.s3.ap-southeast-2.amazonaws.com/04.2023/87T.jpg",
        "https://cclvietnamese-results-2023.s3.ap-southeast-2.amazonaws.com/04.2023/testimonials/Th+-+87.jpg",
        "https://cclvietnamese-results-2023.s3.ap-southeast-2.amazonaws.com/04.2023/testimonials/Th+-+Chat.PNG",
        "https://cclvietnamese-results-2023.s3.ap-southeast-2.amazonaws.com/04.2023/testimonials/Th+-+Review.PNG"
      ],
      "TestMonth": "04"
    },
    {
      "imageSrc":
        "https://cclvietnamese-results-2023.s3.ap-southeast-2.amazonaws.com/04.2023/83.5H.jpg",
      "studentName": "H Huynh",
      "occupation": "Pastry Chef",
      "result": "83.5/90",
      "resultGroup": "80+",
      "resultComment": "",
      "url": "#",
      "galleryImgs": [
        "https://cclvietnamese-results-2023.s3.ap-southeast-2.amazonaws.com/04.2023/83.5H.jpg",
        "https://cclvietnamese-results-2023.s3.ap-southeast-2.amazonaws.com/04.2023/testimonials/Hu+-+835.jpg",
        "https://cclvietnamese-results-2023.s3.ap-southeast-2.amazonaws.com/04.2023/testimonials/Hu+-+Review.PNG"
      ],
      "TestMonth": "04"
    },
    {
      "imageSrc":
        "https://cclvietnamese-results-2023.s3.ap-southeast-2.amazonaws.com/04.2023/83.5C.jpg",
      "studentName": "Ch Nguyen",
      "occupation": "Occupational Therapist",
      "result": "83.5/90",
      "resultGroup": "80+",
      "resultComment": "",
      "url": "#",
      "galleryImgs": [
        "https://cclvietnamese-results-2023.s3.ap-southeast-2.amazonaws.com/04.2023/83.5C.jpg",
        "https://cclvietnamese-results-2023.s3.ap-southeast-2.amazonaws.com/04.2023/testimonials/Ch+-+83.5.jpg",
        "https://cclvietnamese-results-2023.s3.ap-southeast-2.amazonaws.com/04.2023/testimonials/Ch+-+Chat.jpg"
      ],
      "TestMonth": "04"
    },
    {
      "imageSrc":
        "https://cclvietnamese-results-2023.s3.ap-southeast-2.amazonaws.com/04.2023/83T.jpg",
      "studentName": "Ph Nguyen",
      "occupation": "Marketing Specialist",
      "result": "83/90",
      "resultGroup": "80+",
      "resultComment": "",
      "url": "#",
      "galleryImgs": [
        "https://cclvietnamese-results-2023.s3.ap-southeast-2.amazonaws.com/04.2023/83T.jpg",
        "https://cclvietnamese-results-2023.s3.ap-southeast-2.amazonaws.com/04.2023/testimonials/Th+-+83.jpg",
        "https://cclvietnamese-results-2023.s3.ap-southeast-2.amazonaws.com/04.2023/testimonials/Th+-+Review83.PNG"
      ],
      "TestMonth": "04"
    },
    {
      "imageSrc":
        "https://cclvietnamese-results-2023.s3.ap-southeast-2.amazonaws.com/04.2023/82.5H.jpg",
      "studentName": "H Nguyen",
      "occupation": "Marketing Specialist",
      "result": "82.5/90",
      "resultGroup": "80+",
      "resultComment": "",
      "url": "#",
      "galleryImgs": [
        "https://cclvietnamese-results-2023.s3.ap-southeast-2.amazonaws.com/04.2023/82.5H.jpg",
        "https://cclvietnamese-results-2023.s3.ap-southeast-2.amazonaws.com/04.2023/testimonials/Hi+-+Review.PNG",
        "https://cclvietnamese-results-2023.s3.ap-southeast-2.amazonaws.com/04.2023/testimonials/Hi+-+825.jpg"
      ],
      "TestMonth": "04"
    },
    {
      "imageSrc":
        "https://cclvietnamese-results-2023.s3.ap-southeast-2.amazonaws.com/04.2023/82H.jpg",
      "studentName": "H Nguyen",
      "occupation": "IT Specialist",
      "result": "82/90",
      "resultGroup": "80+",
      "resultComment": "",
      "url": "#",
      "galleryImgs": [
        "https://cclvietnamese-results-2023.s3.ap-southeast-2.amazonaws.com/04.2023/82H.jpg",
        "https://cclvietnamese-results-2023.s3.ap-southeast-2.amazonaws.com/04.2023/testimonials/Hu+-+825.png"
      ],
      "TestMonth": "04"
    },
    {
      "imageSrc":
        "https://cclvietnamese-results-2023.s3.ap-southeast-2.amazonaws.com/04.2023/81.5H.jpg",
      "studentName": "H Dao",
      "occupation": "Marketing Specialist",
      "result": "81.5/90",
      "resultGroup": "80+",
      "resultComment": "",
      "url": "#",
      "galleryImgs": [
        "https://cclvietnamese-results-2023.s3.ap-southeast-2.amazonaws.com/04.2023/81.5H.jpg",
        "https://cclvietnamese-results-2023.s3.ap-southeast-2.amazonaws.com/04.2023/testimonials/Ho+-+815.jpg",
        "https://cclvietnamese-results-2023.s3.ap-southeast-2.amazonaws.com/04.2023/testimonials/Ho+-+Review1.png"
      ],
      "TestMonth": "04"
    },
    {
      "imageSrc":
        "https://cclvietnamese-results-2023.s3.ap-southeast-2.amazonaws.com/04.2023/81.5G.jpg",
      "studentName": "Gi Nguyen",
      "occupation": "Entrepreuner",
      "result": "81.5/90",
      "resultGroup": "80+",
      "resultComment": "",
      "url": "#",
      "galleryImgs": [
        "https://cclvietnamese-results-2023.s3.ap-southeast-2.amazonaws.com/04.2023/81.5G.jpg",
        "https://cclvietnamese-results-2023.s3.ap-southeast-2.amazonaws.com/04.2023/testimonials/Ng+-+81.5.jpg",
        "https://cclvietnamese-results-2023.s3.ap-southeast-2.amazonaws.com/04.2023/testimonials/Ng+-+Review.PNG"
      ],
      "TestMonth": "04"
    },
    {
      "imageSrc":
        "https://cclvietnamese-results-2023.s3.ap-southeast-2.amazonaws.com/04.2023/81.5P.jpg",
      "studentName": "Ph Vo",
      "occupation": "Student",
      "result": "81.5/90",
      "resultGroup": "80+",
      "url": "#",
      "galleryImgs": [
        "https://cclvietnamese-results-2023.s3.ap-southeast-2.amazonaws.com/04.2023/81.5P.jpg",
        "https://cclvietnamese-results-2023.s3.ap-southeast-2.amazonaws.com/04.2023/testimonials/Ph+-+815.jpg"
      ],
      "TestMonth": "04"
    },
    {
      "imageSrc":
        "https://cclvietnamese-results-2023.s3.ap-southeast-2.amazonaws.com/04.2023/79.5T.jpg",
      "studentName": "Nh Nguyen",
      "occupation": "Software Development Specialist",
      "result": "79.5/90",
      "resultGroup": "70+",
      "url": "#",
      "galleryImgs": [
        "https://cclvietnamese-results-2023.s3.ap-southeast-2.amazonaws.com/04.2023/79.5T.jpg",
        "https://cclvietnamese-results-2023.s3.ap-southeast-2.amazonaws.com/04.2023/testimonials/Nh+-+795.jpg",
        "https://cclvietnamese-results-2023.s3.ap-southeast-2.amazonaws.com/04.2023/testimonials/Nh+-+Review.png"
      ],
      "TestMonth": "04"
    },
    {
      "imageSrc":
        "https://cclvietnamese-results-2023.s3.ap-southeast-2.amazonaws.com/04.2023/76D.jpg",
      "studentName": "Ph Nghiem",
      "occupation": "Civil Engineer",
      "result": "76/90",
      "resultGroup": "70+",
      "url": "#",
      "galleryImgs": [
        "https://cclvietnamese-results-2023.s3.ap-southeast-2.amazonaws.com/04.2023/76D.jpg",
        "https://cclvietnamese-results-2023.s3.ap-southeast-2.amazonaws.com/04.2023/testimonials/Ph+-+76+-+Copy.jpg",
        "https://cclvietnamese-results-2023.s3.ap-southeast-2.amazonaws.com/04.2023/testimonials/Ph-+Review.jpg"
      ],
      "TestMonth": "04"
    },
    {
      "imageSrc":
        "https://cclvietnamese-results-2023.s3.ap-southeast-2.amazonaws.com/04.2023/74H.jpg",
      "studentName": "H Nguyen",
      "occupation": "Marketing Specialist",
      "result": "74/90",
      "resultGroup": "70+",
      "resultComment": "(Chỉ học 1 ngày)",
      "url": "#",
      "galleryImgs": [
        "https://cclvietnamese-results-2023.s3.ap-southeast-2.amazonaws.com/04.2023/74H.jpg",
        "https://cclvietnamese-results-2023.s3.ap-southeast-2.amazonaws.com/04.2023/testimonials/H+-+Chat2.jpg",
        "https://cclvietnamese-results-2023.s3.ap-southeast-2.amazonaws.com/04.2023/testimonials/H+-+74.jpg"
      ],
      "TestMonth": "04"
    },
    {
      "imageSrc":
        "https://cclvietnamese-results-2023.s3.ap-southeast-2.amazonaws.com/04.2023/71K.jpg",
      "studentName": "K Ngo",
      "occupation": "Chemical Engineer",
      "result": "71/90",
      "resultGroup": "70+",
      "url": "#",
      "galleryImgs": [
        "https://cclvietnamese-results-2023.s3.ap-southeast-2.amazonaws.com/04.2023/71K.jpg",
        "https://cclvietnamese-results-2023.s3.ap-southeast-2.amazonaws.com/04.2023/testimonials/K+-+Chat.jpg"
      ],
      "TestMonth": "04"
    },
    {
      "imageSrc":
        "https://cclvietnamese-results-2023.s3.ap-southeast-2.amazonaws.com/02.2023/Nh%E1%BA%ADt+-+Post.jpg",
        "studentName": "Nhat Nguyen",
        "occupation": "Chemical Engineer",
        "result": "86/90",
        "resultGroup": "80+",
        "resultComment": "(Kỷ lục cho nam)",
        "url": "#",
        "galleryImgs": [
          "https://cclvietnamese-results-2023.s3.ap-southeast-2.amazonaws.com/02.2023/Nh%E1%BA%ADt+-+Post.jpg",
          "https://cclvietnamese-results-2023.s3.ap-southeast-2.amazonaws.com/02.2023/Nhat+-+86.JPG",
          "https://cclvietnamese-results-2023.s3.ap-southeast-2.amazonaws.com/02.2023/Nhat+-+86.PNG"
        ],
        "TestMonth": "02"
    },
    {
      "imageSrc":
        "https://cclvietnamese-results-2023.s3.ap-southeast-2.amazonaws.com/02.2023/Khanh+Linh+-+Post.JPEG",
        "studentName": "Khanh Linh",
        "occupation": "Software Engineer",
        "result": "85.5/90",
        "resultGroup": "80+",
        "url": "#",
        "galleryImgs": [
          "https://cclvietnamese-results-2023.s3.ap-southeast-2.amazonaws.com/02.2023/Khanh+Linh+-+Post.JPEG",
          "https://cclvietnamese-results-2023.s3.ap-southeast-2.amazonaws.com/02.2023/Khanh+Linh+-+85.5.PNG"
        ],
        "TestMonth": "02"
    },
    { 
      "imageSrc":
        "https://cclvietnamese-results-2023.s3.ap-southeast-2.amazonaws.com/02.2023/Hoang+Anh+-+Post.JPG",
        "studentName": "Hoang Anh",
        "occupation": "Hospitality Manager",
        "result": "82.5/90",
        "resultGroup": "80+",
        "url": "#",
        "galleryImgs": [
          "https://cclvietnamese-results-2023.s3.ap-southeast-2.amazonaws.com/02.2023/Hoang+Anh+-+Post.JPG",
          "https://cclvietnamese-results-2023.s3.ap-southeast-2.amazonaws.com/02.2023/Hoang+Anh+-+82.5.JPG",
          "https://cclvietnamese-results-2023.s3.ap-southeast-2.amazonaws.com/02.2023/Hoang+Anh+-+82.5.PNG"
        ],
        "TestMonth": "02"
    },
    { 
      "imageSrc":
        "https://cclvietnamese-results-2023.s3.ap-southeast-2.amazonaws.com/02.2023/Ly+-+Post.jpg",
        "studentName": "L Nguyen",
        "occupation": "Educator",
        "result": "71/90",
        "resultGroup": "70+",
        "galleryImgs": [
          "https://cclvietnamese-results-2023.s3.ap-southeast-2.amazonaws.com/02.2023/Ly+-+Post.jpg"
        ],
        "TestMonth": "02"
    }
  ],
  "Results2022":[
    { 
      "imageSrc":
        "https://cclvietnamese-results-2022.s3.ap-southeast-2.amazonaws.com/11/An/An+-+87+Post.jpg",
        "TestMonth": "11",
        "studentName": "A Nguyen",
        "occupation": "External Auditor",
        "result": "87/90",
        "resultGroup": "80+",
        "resultComment": "(Số điểm kỷ lục 2022)",
        "galleryImgs": [
          "https://cclvietnamese-results-2022.s3.ap-southeast-2.amazonaws.com/11/An/An+-+87.jpg",
          "https://cclvietnamese-results-2022.s3.ap-southeast-2.amazonaws.com/11/An/An+-+87.PNG",
          "https://cclvietnamese-results-2022.s3.ap-southeast-2.amazonaws.com/11/An/An+-+PR+Invi.png"
        ]        
    },
    { 
      "imageSrc":
        "https://cclvietnamese-results-2022.s3.ap-southeast-2.amazonaws.com/11/Chi/Chi+-+Post.jpg",
        "TestMonth": "11",
        "studentName": "Ch Nguyen",
        "occupation": "Environmental Engineer",
        "result": "85.5/90",
        "resultGroup": "80+",
        "galleryImgs": [
          "https://cclvietnamese-results-2022.s3.ap-southeast-2.amazonaws.com/11/Chi/Chi+-+Post.jpg",
          "https://cclvietnamese-results-2022.s3.ap-southeast-2.amazonaws.com/11/Chi/Kieu+Chi+-+85.5.jpg"
        ]
    },
    { 
      "imageSrc":
        "https://cclvietnamese-results-2022.s3.ap-southeast-2.amazonaws.com/11/Vi/Vi+-+Post.png",
        "TestMonth": "11",
        "studentName": "V Nguyen",
        "occupation": "Actuarial Scientist",
        "result": "84/90",
        "resultGroup": "80+",
        "resultComment": "",
        "galleryImgs": [
          "https://cclvietnamese-results-2022.s3.ap-southeast-2.amazonaws.com/11/Vi/Vi+-+Post.png",
          "https://cclvietnamese-results-2022.s3.ap-southeast-2.amazonaws.com/11/Vi/Vi+-+84.JPG",
          "https://cclvietnamese-results-2022.s3.ap-southeast-2.amazonaws.com/11/Vi/Vi+-+84+review.png"
        ]
    },
    { 
      "imageSrc":
        "https://cclvietnamese-results-2022.s3.ap-southeast-2.amazonaws.com/11/Hoang/Hoang+-+Post.png",
        "TestMonth": "11",
        "studentName": "H Nguyen",
        "occupation": "Marketing Specialist",
        "result": "83.5/90",
        "resultGroup": "80+",
        "resultComment": "(Daddy of the Year)",
        "galleryImgs": [
          "https://cclvietnamese-results-2022.s3.ap-southeast-2.amazonaws.com/11/Hoang/Hoang+-+Post.png",
          "https://cclvietnamese-results-2022.s3.ap-southeast-2.amazonaws.com/11/Hoang/Hoang+-+83.5.png",
          "https://cclvietnamese-results-2022.s3.ap-southeast-2.amazonaws.com/11/Hoang/Hoang+-+83.5.jpg"
        ]
    },
    { 
      "imageSrc":
        "https://cclvietnamese-results-2022.s3.ap-southeast-2.amazonaws.com/11/Vinh/Vinh+Post.png",
        "TestMonth": "11",
        "studentName": "V Nguyen",
        "occupation": "Healthcare Professional",
        "result": "81.5/90",
        "resultGroup": "80+",
        "galleryImgs": [
          "https://cclvietnamese-results-2022.s3.ap-southeast-2.amazonaws.com/11/Vinh/Vinh+Post.png",
          "https://cclvietnamese-results-2022.s3.ap-southeast-2.amazonaws.com/11/Vinh/Vinh-Invi.jpg",
          "https://cclvietnamese-results-2022.s3.ap-southeast-2.amazonaws.com/11/Vinh/Vinh+-+81.5.PNG",
          "https://cclvietnamese-results-2022.s3.ap-southeast-2.amazonaws.com/11/Vinh/Vinh+-+81.5.jpg"
        ]
    },
    { 
      "imageSrc":
        "https://cclvietnamese-results-2022.s3.ap-southeast-2.amazonaws.com/11/Thinh/Thinh+-+5+PR+Points.png",
        "TestMonth": "11",
        "studentName": "Th Nguyen",
        "occupation": "Accountant",
        "result": "78.5/90",
        "resultGroup": "70+",
        "galleryImgs": [
          "https://cclvietnamese-results-2022.s3.ap-southeast-2.amazonaws.com/11/Thinh/Thinh+-+5+PR+Points.png",
          "https://cclvietnamese-results-2022.s3.ap-southeast-2.amazonaws.com/11/Thinh/Thinh+-+78.5.JPG",
          "https://cclvietnamese-results-2022.s3.ap-southeast-2.amazonaws.com/11/Thinh/Thinh+-+78.5.PNG"
        ]
    },


    { 
      "imageSrc":
        "https://cclvietnamese-results-2022.s3.ap-southeast-2.amazonaws.com/09/Ha+Phuong/Phuong+-+Post.jpg",
        "TestMonth": "09",
        "studentName": "H Phuong",
        "occupation": "Accountant",
        "result": "84.5/90",
        "resultGroup": "80+",
        "galleryImgs": [
          "https://cclvietnamese-results-2022.s3.ap-southeast-2.amazonaws.com/09/Ha+Phuong/Phuong+-+Post.jpg",
          "https://cclvietnamese-results-2022.s3.ap-southeast-2.amazonaws.com/09/Ha+Phuong/Ha+Phuong+-+84.5.JPG"
        ]
    },
    { 
      "imageSrc":
        "https://cclvietnamese-results-2022.s3.ap-southeast-2.amazonaws.com/09/Hanh/hanh+Post.jpg",
        "TestMonth": "09",
        "studentName": "H Nguyen",
        "occupation": "Chemical Engineer",
        "result": "83.5/90",
        "resultGroup": "80+",
        "galleryImgs": [
          "https://cclvietnamese-results-2022.s3.ap-southeast-2.amazonaws.com/09/Hanh/hanh+Post.jpg",
          "https://cclvietnamese-results-2022.s3.ap-southeast-2.amazonaws.com/09/Hanh/Hanh+Ngo+-+83.5.JPG"
        ]
    },
    { 
      "imageSrc":
        "https://cclvietnamese-results-2022.s3.ap-southeast-2.amazonaws.com/09/Nhat/Nhat+-+Post.jpg",
        "TestMonth": "09",
        "studentName": "Nh Nguyen",
        "occupation": "Actuarial Scientist",
        "result": "81/90",
        "resultGroup": "80+",
        "galleryImgs": [
          "https://cclvietnamese-results-2022.s3.ap-southeast-2.amazonaws.com/09/Nhat/Nhat+-+Post.jpg",
          "https://cclvietnamese-results-2022.s3.ap-southeast-2.amazonaws.com/09/Nhat/Nhat+Tuoc+-+81.JPG"
        ]
    },
    { 
      "imageSrc":
        "https://cclvietnamese-results-2022.s3.ap-southeast-2.amazonaws.com/09/Amy+Bao/Amy+-+79.5.jpg",
        "TestMonth": "09",
        "studentName": "B Nguyen",
        "occupation": "Architecture",
        "result": "79.5/90",
        "resultGroup": "70+",
        "galleryImgs": [
          "https://cclvietnamese-results-2022.s3.ap-southeast-2.amazonaws.com/09/Amy+Bao/Amy+-+79.5.jpg",
          "https://cclvietnamese-results-2022.s3.ap-southeast-2.amazonaws.com/09/Amy+Bao/Amy+Lieu+-+79.5.JPG",
          "https://cclvietnamese-results-2022.s3.ap-southeast-2.amazonaws.com/09/Amy+Bao/Amy+Lieu+-+79.5.PNG"
        ]
    },
    { 
      "imageSrc":
        "https://cclvietnamese-results-2022.s3.ap-southeast-2.amazonaws.com/09/Minh/Minh+Post.jpg",
        "TestMonth": "09",
        "studentName": "M Nguyen",
        "occupation": "Chemical Engineer",
        "result": "79.5/90",
        "resultGroup": "70+",
        "galleryImgs": [
          "https://cclvietnamese-results-2022.s3.ap-southeast-2.amazonaws.com/09/Minh/Minh+Post.jpg",
          "https://cclvietnamese-results-2022.s3.ap-southeast-2.amazonaws.com/09/Minh/Dr+Minh+-+Invi190.PNG",
          "https://cclvietnamese-results-2022.s3.ap-southeast-2.amazonaws.com/09/Minh/Dr+Minh+-+79.5.PNG",
          "https://cclvietnamese-results-2022.s3.ap-southeast-2.amazonaws.com/09/Minh/Dr+Minh+-+79.5.JPG"
        ]
    },
    { 
      "imageSrc":
        "https://cclvietnamese-results-2022.s3.ap-southeast-2.amazonaws.com/09/Vu/Vu+Post.jpg",
        "TestMonth": "09",
        "studentName": "V Nguyen",
        "occupation": "Healthcare Professional",
        "result": "77.5/90",
        "resultGroup": "70+",
        "galleryImgs": [
          "https://cclvietnamese-results-2022.s3.ap-southeast-2.amazonaws.com/09/Vu/Vu+Post.jpg",
          "hhttps://cclvietnamese-results-2022.s3.ap-southeast-2.amazonaws.com/09/Vu/Vu+-+77.5.PNG",
          "https://cclvietnamese-results-2022.s3.ap-southeast-2.amazonaws.com/09/Vu/Vu+-+77.5.JPG"
        ]
    },
    { 
      "imageSrc":
        "https://cclvietnamese-results-2022.s3.ap-southeast-2.amazonaws.com/09/Dieu+Man/Dieu+Man+-69.5+-Post.JPG",
        "TestMonth": "09",
        "studentName": "M Diep",
        "occupation": "Accountant",
        "result": "69.5/90",
        "resultGroup": "63+",
        "galleryImgs": [
          "https://cclvietnamese-results-2022.s3.ap-southeast-2.amazonaws.com/09/Dieu+Man/Dieu+Man+-69.5+-Post.JPG",
          "https://cclvietnamese-results-2022.s3.ap-southeast-2.amazonaws.com/09/Dieu+Man/Dieu+Man+-69.5.JPG"
        ]
    }
  ]
}